date,gender,nation,jerk,born,bweight,pid,snatch,snatch3,snatch1,snatch2,rank_s,total,rank_cj,name,jerk1,rank,jerk3,jerk2,category,event
08.2016,W,THA,108,23.12.1994,47.91,0,92,92,88,90,1,200,1,TANASAN Sopita,106,1,*110,108,48,XXXI OLYMPIC GAMES
08.2016,W,INA,107,13.08.1994,47.25,1,85,* 87,82,85,2,192,2,AGUSTIANI Sri Wahyuni,107,2,*115,*115,48,XXXI OLYMPIC GAMES
08.2016,W,JPN,107,18.11.1985,47.95,2,81,81,* 81,* 81,8,188,3,MIYAKE Hiromi,105,3,107,*107,48,XXXI OLYMPIC GAMES
08.2016,W,DOM,102,27.02.1995,47.50,3,85,* 87,85,* 87,3,187,5,PIRON CANDELARIO Beatriz Elizabeth,102,4,*105,*105,48,XXXI OLYMPIC GAMES
08.2016,W,KAZ,106,20.07.1992,47.72,4,80,* 84,80,* 84,9,186,4,YELISSEYEVA Margarita,103,5,106,*106,48,XXXI OLYMPIC GAMES
08.2016,W,USA,100,08.10.1985,47.79,5,83,83,80,* 82,5,183,7,KING Morghan Whitney,100,6,*103,*103,48,XXXI OLYMPIC GAMES
08.2016,W,TPE,100,04.01.1982,47.13,6,81,81,75,79,7,181,6,CHEN Wei-Ling,* 99,7,100,*100,48,XXXI OLYMPIC GAMES
08.2016,W,UKR,95,07.11.1986,47.74,7,84,* 86,84,* 86,4,179,9,PARATOVA Iuliia,* 95,8,* 98,95,48,XXXI OLYMPIC GAMES
08.2016,W,MRI,93,14.11.1990,47.90,8,80,80,73,* 78,10,173,10,RANAIVOSOA Marie Hanitra Roilya,93,9,*100,* 98,48,XXXI OLYMPIC GAMES
08.2016,W,KGZ,97,15.11.1993,47.56,9,72,* 75,68,72,11,169,8,OKOEVA Zhanyl,92,10,*101,97,48,XXXI OLYMPIC GAMES
08.2016,W,IND,---,08.08.1994,47.77,10,82,* 84,* 82,82,6,0,---,MIRABAI Chanu Saikhom,*104,---,*106,*106,48,XXXI OLYMPIC GAMES
08.2016,W,VIE,---,22.06.1992,47.84,11,---,* 84,* 83,* 84,---,0,---,VUONG Thi Huyen,---,---,---,---,48,XXXI OLYMPIC GAMES
08.2016,W,TPE,112,09.05.1991,52.60,12,100,100,92,96,2,212,1,HSU Shu-Ching,112,1,---,*126,53,XXXI OLYMPIC GAMES
08.2016,W,PHI,112,20.02.1991,52.61,13,88,* 91,* 88,88,6,200,2,DIAZ Hidilyn ,111,2,*117,112,53,XXXI OLYMPIC GAMES
08.2016,W,KOR,111,04.08.1986,52.59,14,88,* 90,88,* 90,5,199,3,YOON Jin Hee,*110,3,111,110,53,XXXI OLYMPIC GAMES
08.2016,W,LAT,107,19.05.1998,52.11,15,90,90,* 87,87,3,197,4,KOHA Rebeka,103,4,*110,107,53,XXXI OLYMPIC GAMES
08.2016,W,BRA,103,20.06.1987,52.57,16,90,90,85,* 90,4,193,7,DOS REIS SANTOS Rosane,103,5,*108,*107,53,XXXI OLYMPIC GAMES
08.2016,W,JPN,105,16.07.1992,52.39,17,81,81,* 81,* 81,7,186,5,YAGI Kanae,*101,6,105,101,53,XXXI OLYMPIC GAMES
08.2016,W,INA,105,10.02.1993,52.78,18,80,80,* 80,* 80,8,185,6,SAFITRI Dewi,*105,7,*108,105,53,XXXI OLYMPIC GAMES
08.2016,W,ALB,90,16.07.1991,51.58,19,75,75,68,72,9,165,9,VELI Evagjelia,* 88,8,* 96,90,53,XXXI OLYMPIC GAMES
08.2016,W,PUR,90,06.06.1985,49.53,20,72,72,67,70,10,162,8,BURGOS ORTIZ Lely Berlitt,85,9,90,88,53,XXXI OLYMPIC GAMES
08.2016,W,NCA,89,09.08.1996,52.85,21,66,* 68,62,66,11,155,10,MERCADO LOPEZ Scarleth Elizabeth,83,10,89,86,53,XXXI OLYMPIC GAMES
08.2016,W,PER,88,04.02.1998,48.32,22,65,* 67,62,65,12,153,11,CUEVA URIBE Fiorella Francesca,85,11,* 90,88,53,XXXI OLYMPIC GAMES
08.2016,W,URU,82,02.11.1985,51.74,23,64,* 67,* 64,64,13,146,12,RITO ENOCKSSON Sofia Julia,* 82,12,* 88,82,53,XXXI OLYMPIC GAMES
08.2016,W,CHN,---,27.04.1993,52.50,24,101,*104,98,101,1,0,---,LI Yajun,*123,---,*126,*126,53,XXXI OLYMPIC GAMES
08.2016,M,CHN,170,03.12.1990,55.68,25,137,137,132,*135,1,307,1,LONG Qingquan,161,1,170,166,56,XXXI OLYMPIC GAMES
08.2016,M,PRK,169,18.11.1991,55.57,26,134,134,128,132,2,303,2,OM Yun Chol,165,2,169,*169,56,XXXI OLYMPIC GAMES
08.2016,M,THA,157,22.08.1995,55.43,27,132,132,125,131,3,289,3,KRUAITHONG Sinphet,154,3,*161,157,56,XXXI OLYMPIC GAMES
08.2016,M,KAZ,148,01.07.1992,55.64,28,130,*132,125,130,5,278,6,CHONTEY Arli,148,4,*154,*153,56,XXXI OLYMPIC GAMES
08.2016,M,VIE,154,05.04.1989,55.85,29,121,*123,117,121,6,275,4,TRAN Le Quoc Toan,148,5,*157,154,56,XXXI OLYMPIC GAMES
08.2016,M,COL,147,19.04.1987,55.84,30,119,119,113,116,8,266,8,DE LAS SALAS DE LA ROSA Habib,143,6,*150,147,56,XXXI OLYMPIC GAMES
08.2016,M,ITA,149,16.01.1995,55.91,31,115,*120,*115,115,10,264,5,SCARANTINO Mirco,143,7,149,146,56,XXXI OLYMPIC GAMES
08.2016,M,DOM,145,19.04.1995,55.56,32,118,118,110,115,9,263,9,GARCIA BRITO Luis Alberto,140,8,145,*145,56,XXXI OLYMPIC GAMES
08.2016,M,THA,148,10.02.1996,55.67,33,113,*116,*113,113,11,261,7,MINGMOON Witoon,148,9,*151,*151,56,XXXI OLYMPIC GAMES
08.2016,M,GUA,143,17.08.1997,56.00,34,108,*111,103,108,15,251,10,PINEDA ZETA Edgar,*140,10,143,140,56,XXXI OLYMPIC GAMES
08.2016,M,JPN,138,02.01.1992,55.90,35,111,111,108,*111,13,249,12,TAKAO Hiroaki,134,11,138,*138,56,XXXI OLYMPIC GAMES
08.2016,M,TPE,138,24.02.1990,55.89,36,110,110,*110,*110,14,248,11,TAN Chi-Chung,131,12,138,135,56,XXXI OLYMPIC GAMES
08.2016,M,FIJ,136,25.03.1990,55.81,37,106,*109,103,106,16,242,13,TULO Manueli,130,13,*139,136,56,XXXI OLYMPIC GAMES
08.2016,M,BEL,130,27.03.1975,55.74,38,111,*113,107,111,12,241,14,GOEGEBUER Tom Richard,126,14,*133,130,56,XXXI OLYMPIC GAMES
08.2016,M,NRU,125,02.03.1994,55.62,39,98,*101,95,98,17,223,15,BRECHTEFELD Elson,120,15,125,*125,56,XXXI OLYMPIC GAMES
08.2016,M,PHI,---,16.02.1992,55.11,40,120,*125,120,*125,7,0,---,COLONIA Nestor,*154,---,*154,*154,56,XXXI OLYMPIC GAMES
08.2016,M,VIE,---,15.01.1994,55.55,41,130,*133,*130,130,4,0,---,THACH Kim Tuan,*157,---,*160,*160,56,XXXI OLYMPIC GAMES
08.2016,M,ESP,---,08.09.1992,55.67,42,---,*120,*120,*120,---,0,---,BRACHI GARCIA Josue,---,---,---,---,56,XXXI OLYMPIC GAMES
08.2016,M,MGL,---,06.05.1997,55.65,43,---,*103,*103,*103,DSQ,0,DSQ,USUKHBAYAR Chagnaadorj,---,DSQ,---,---,56,XXXI OLYMPIC GAMES
08.2016,W,THA,130,03.05.1995,56.89,44,110,110,105,108,1,240,1,SRISURAT Sukanya,127,1,*132,130,58,XXXI OLYMPIC GAMES
08.2016,W,THA,130,25.04.1990,57.40,45,102,102,98,100,2,232,2,SIRIKAEW Pimsiri,128,2,---,130,58,XXXI OLYMPIC GAMES
08.2016,W,TPE,129,26.11.1993,57.86,46,102,*105,102,*105,3,231,3,KUO Hsing-Chun,*129,3,*139,129,58,XXXI OLYMPIC GAMES
08.2016,W,ECU,123,17.07.1980,57.23,47,100,*102,97,100,4,223,5,ESCOBAR GUERRERO Maria Alexandra,118,4,123,121,58,XXXI OLYMPIC GAMES
08.2016,W,JPN,124,30.09.1992,57.56,48,94,94,90,* 93,8,218,4,ANDOH Mikiko,120,5,*126,124,58,XXXI OLYMPIC GAMES
08.2016,W,DOM,117,27.03.1986,57.58,49,100,*102,96,100,5,217,7,CONTRERAS Yuderqui Maridalia,117,6,*122,*121,58,XXXI OLYMPIC GAMES
08.2016,W,COL,120,24.04.1990,57.92,50,96,*100,96,*100,7,216,6,RIVAS ORDONEZ Lina Marcela,116,7,*122,120,58,XXXI OLYMPIC GAMES
08.2016,W,MEX,115,05.03.1988,57.47,51,96,96,91,94,6,211,9,DOMINGUEZ LARA Monica Patricia,115,8,*119,*118,58,XXXI OLYMPIC GAMES
08.2016,W,VEN,116,09.01.1993,57.71,52,85,* 89,85,* 89,12,201,8,FIGUEROA ROLDAN Yusleidy Mariana,110,9,---,116,58,XXXI OLYMPIC GAMES
08.2016,W,GER,110,04.01.1991,57.70,53,90,90,87,89,10,200,11,KUSTERER Sabine Beate,108,10,110,*110,58,XXXI OLYMPIC GAMES
08.2016,W,MHL,112,25.12.1996,56.80,54,87,87,82,84,11,199,10,SASSER Mathlynn Langtor,110,11,112,*112,58,XXXI OLYMPIC GAMES
08.2016,W,SWE,110,15.04.1989,57.90,55,84,* 87,84,* 87,14,194,12,ROOS Anna Angelica Ulrika,107,12,*112,110,58,XXXI OLYMPIC GAMES
08.2016,W,UKR,103,12.10.1995,57.10,56,90,90,* 87,87,9,193,15,IVASIUK Veronika,98,13,*107,103,58,XXXI OLYMPIC GAMES
08.2016,W,AUS,107,22.07.1993,57.70,57,82,82,78,* 82,15,189,13,TOOMEY Tia-Clair,103,14,*112,107,58,XXXI OLYMPIC GAMES
08.2016,W,SOL,104,09.06.1983,57.50,58,84,* 87,80,84,13,188,14,WINI Jenly Tegu,100,15,*109,104,58,XXXI OLYMPIC GAMES
08.2016,W,UAE,90,23.01.1992,57.00,59,72,72,67,70,16,162,16,ALBALOOSHI Ayesha Shahriyar Mohammed S,86,16,* 94,90,58,XXXI OLYMPIC GAMES
08.2016,M,COL,176,27.04.1983,61.86,60,142,*145,137,142,1,318,1,FIGUEROA MOSQUERA Oscar Albeiro,172,1,*179,176,62,XXXI OLYMPIC GAMES
08.2016,M,INA,170,24.07.1989,61.91,61,142,*146,142,*146,2,312,3,IRAWAN Eko Yuli ,170,2,*179,*176,62,XXXI OLYMPIC GAMES
08.2016,M,KAZ,170,20.04.1991,61.60,62,135,*140,135,*140,3,305,2,KHARKI Farkhad,170,3,*177,*177,62,XXXI OLYMPIC GAMES
08.2016,M,JPN,169,24.05.1991,61.87,63,133,133,126,130,4,302,4,ITOKAZU Yoichi,160,4,169,165,62,XXXI OLYMPIC GAMES
08.2016,M,EGY,161,01.11.1986,62.00,64,133,133,127,131,5,294,7,SAAD Ahmed Ahmed Mohamed,155,5,*164,161,62,XXXI OLYMPIC GAMES
08.2016,M,PNG,164,15.04.1990,61.72,65,126,*129,122,126,8,290,5,BARU Morea,159,6,*168,164,62,XXXI OLYMPIC GAMES
08.2016,M,INA,160,12.07.1992,61.97,66,130,*134,125,130,7,290,8,HASBI Muhamad,160,7,*173,*169,62,XXXI OLYMPIC GAMES
08.2016,M,SAM,161,14.04.1988,61.90,67,120,*122,115,120,12,281,6,IOANE Vaipava Nevo,156,8,*165,161,62,XXXI OLYMPIC GAMES
08.2016,M,KOR,150,01.02.1991,61.81,68,130,*135,130,*135,6,280,10,HAN Myeongmok,150,9,*155,*155,62,XXXI OLYMPIC GAMES
08.2016,M,ESA,155,15.07.1989,62.00,69,120,120,115,*120,13,275,9,SALAMANCA PINEDA Julio Cesar,150,10,155,*155,62,XXXI OLYMPIC GAMES
08.2016,M,CHI,146,22.07.1987,61.30,70,120,120,114,117,11,266,11,ACOSTA GONZALEZ Julio Cesar,142,11,*151,146,62,XXXI OLYMPIC GAMES
08.2016,M,JPN,145,20.03.1987,62.00,71,121,*124,121,*124,10,266,12,NAKAYAMA Yosuke,140,12,*150,145,62,XXXI OLYMPIC GAMES
08.2016,M,SEY,127,24.05.1994,62.00,72,105,*110,100,105,15,232,13,CONFIANCE Rick Yves,127,13,*133,*133,62,XXXI OLYMPIC GAMES
08.2016,M,SRI,---,03.02.1985,62.00,73,---,*120,*120,*120,---,0,---,KURUKULASOORIYAGE Anton Sudesh Peiris,---,---,---,---,62,XXXI OLYMPIC GAMES
08.2016,M,CHN,---,08.02.1993,61.97,74,---,---,*143,*143,---,0,---,CHEN Lijun,---,---,---,---,62,XXXI OLYMPIC GAMES
08.2016,M,HAI,---,24.12.1989,60.20,75,107,*112,102,107,14,0,---,JOSEPH Edouard,---,---,---,---,62,XXXI OLYMPIC GAMES
08.2016,M,VEN,---,17.12.1984,61.90,76,125,*129,*125,125,9,0,---,LOPEZ SANCHEZ Jesus Antonio,*151,---,---,---,62,XXXI OLYMPIC GAMES
08.2016,W,CHN,147,14.02.1993,62.34,77,115,115,108,112,1,262,1,DENG Wei,138,1,---,147,63,XXXI OLYMPIC GAMES
08.2016,W,PRK,143,05.12.1993,62.17,78,105,*111,105,*109,4,248,2,CHOE Hyo Sim,135,2,143,138,63,XXXI OLYMPIC GAMES
08.2016,W,KAZ,132,08.04.1993,62.66,79,111,111,*107,107,2,243,3,GORICHEVA Karina,132,3,*137,*137,63,XXXI OLYMPIC GAMES
08.2016,W,COL,130,07.08.1987,62.74,80,104,104,100,*104,5,234,4,PEREZ TIGRERO Mercedes Isabel,125,4,*137,130,63,XXXI OLYMPIC GAMES
08.2016,W,MEX,120,17.05.1994,62.60,81,100,100,97,*100,7,220,6,GURROLA ORTIZ Eva Alicia,120,5,*125,*125,63,XXXI OLYMPIC GAMES
08.2016,W,ITA,119,24.05.1987,62.75,82,98,98,94,* 98,8,217,7,BORDIGNON Giorgia,115,6,*123,119,63,XXXI OLYMPIC GAMES
08.2016,W,EGY,116,21.11.1998,61.98,83,100,100,93,97,6,216,8,AHMED Esraa Elsayed Rashed Elsayed,112,7,*118,116,63,XXXI OLYMPIC GAMES
08.2016,W,CUB,121,02.03.1995,62.20,84,94,94,87,91,9,215,5,RODRIGUEZ MITJAN Marina De La Caridad,117,8,*123,121,63,XXXI OLYMPIC GAMES
08.2016,W,JPN,115,07.02.1992,62.86,85,90,* 95,90,* 94,10,205,9,MATSUMOTO Namika,107,9,115,111,63,XXXI OLYMPIC GAMES
08.2016,W,FIN,107,24.05.1988,62.26,86,85,* 89,85,* 88,12,192,10,VUOHIJOKI Anni Teija Orvokki,104,10,*113,107,63,XXXI OLYMPIC GAMES
08.2016,W,ARG,107,08.11.1996,62.95,87,83,* 86,80,83,13,190,11,PALACIOS Joana Valeria,101,11,107,102,63,XXXI OLYMPIC GAMES
08.2016,W,MAD,100,24.02.1992,61.90,88,85,85,75,80,11,185,12,RAVOLOLONIAINA Elisa Vania,95,12,100,*100,63,XXXI OLYMPIC GAMES
08.2016,W,TUR,100,01.05.1995,62.16,89,81,* 83,78,81,14,181,13,KURNAZ Mehtap,100,13,*105,*103,63,XXXI OLYMPIC GAMES
08.2016,W,THA,---,17.07.1993,62.56,90,108,*110,105,108,3,0,---,GULNOI Siripuch,*132,---,*132,*132,63,XXXI OLYMPIC GAMES
08.2016,W,CHN,145,13.06.1992,68.78,91,116,*118,113,116,1,261,1,XIANG Yanmei,142,1,*147,145,69,XXXI OLYMPIC GAMES
08.2016,M,CHN,190,10.10.1993,68.72,92,162,162,156,160,2,352,1,SHI Zhiyong,188,1,*198,190,69,XXXI OLYMPIC GAMES
08.2016,M,TUR,188,03.02.1992,68.59,93,163,163,156,160,1,351,2,ISMAYILOV Daniyar,181,2,188,185,69,XXXI OLYMPIC GAMES
08.2016,W,KAZ,144,22.12.1993,69.00,94,115,*117,111,115,2,259,2,ZHAPPARKUL Zhazira,*140,2,144,140,69,XXXI OLYMPIC GAMES
08.2016,M,COL,183,27.03.1995,68.54,95,155,155,*150,150,4,338,3,MOSQUERA LOZANO Luis Javier,183,3,*190,*189,69,XXXI OLYMPIC GAMES
08.2016,W,EGY,143,01.01.1998,68.00,96,112,112,107,110,3,255,3,AHMED Sara Samir Elsayed Mohamed,135,3,143,140,69,XXXI OLYMPIC GAMES
08.2016,W,COL,143,17.02.1990,68.61,97,110,110,106,*110,4,253,4,SOLIS ARBOLEDA Leidy Yessenia,140,4,*146,143,69,XXXI OLYMPIC GAMES
08.2016,M,MEX,181,11.11.1987,68.63,98,145,145,*145,*145,6,326,4,ROQUE MENDOZA Bredni,181,4,*187,*187,69,XXXI OLYMPIC GAMES
08.2016,W,ARM,135,31.10.1986,68.55,99,107,107,103,*107,5,242,5,AVDALYAN Nazik,130,5,135,133,69,XXXI OLYMPIC GAMES
08.2016,M,ALB,181,19.02.1990,68.84,100,145,*151,145,*151,7,326,5,CALJA Briken,175,5,*184,181,69,XXXI OLYMPIC GAMES
08.2016,M,MDA,178,15.10.1990,68.75,101,144,*147,140,144,8,322,8,CECHIR Serghei,170,6,178,175,69,XXXI OLYMPIC GAMES
08.2016,W,BLR,132,31.12.1994,66.88,102,105,*108,*105,105,8,237,6,PACHABUT Darya,126,6,*137,132,69,XXXI OLYMPIC GAMES
08.2016,M,FRA,180,20.05.1990,68.71,103,140,*144,140,*144,13,320,6,KINGUE MATAM Bernardin Ledoux,175,7,*182,180,69,XXXI OLYMPIC GAMES
08.2016,W,ECU,130,12.05.1998,68.83,104,107,107,100,104,6,237,9,DAJOMES BARRERA Neisi Patricia,130,7,*135,*135,69,XXXI OLYMPIC GAMES
08.2016,W,MGL,131,25.12.1997,68.97,105,106,*108,*106,106,7,237,7,MUNKHJANTSAN Ankhtsetseg,131,8,*135,*135,69,XXXI OLYMPIC GAMES
08.2016,M,KOR,177,09.12.1990,68.95,106,143,*146,*143,143,9,320,9,WON Jeongsik,172,8,*180,177,69,XXXI OLYMPIC GAMES
08.2016,M,INA,175,20.12.1987,68.60,107,142,*147,*142,142,10,317,13,TRIYATNO,175,9,*182,*182,69,XXXI OLYMPIC GAMES
08.2016,W,CAN,130,13.10.1988,68.81,108,98,*103,* 98,98,12,228,8,BEAUCHEMIN-NADEAU Marie-Eve,130,9,*136,*135,69,XXXI OLYMPIC GAMES
08.2016,W,GBR,126,13.01.1999,68.59,109,101,101,98,*101,10,227,10,TILER Rebekah Jade,122,10,126,*126,69,XXXI OLYMPIC GAMES
08.2016,M,ESP,175,20.07.1994,68.61,110,142,*145,137,142,11,317,14,SANCHEZ LOPEZ David,170,10,*177,175,69,XXXI OLYMPIC GAMES
08.2016,M,THA,179,11.01.1993,68.65,111,137,*141,137,*141,16,316,7,BUNSUK Tairat,175,11,*181,179,69,XXXI OLYMPIC GAMES
08.2016,W,FIJ,113,05.02.1991,68.88,112,88,* 92,* 88,88,15,201,11,VAIVAI Apolonia,108,11,*117,113,69,XXXI OLYMPIC GAMES
08.2016,M,MAS,176,28.10.1990,68.71,113,140,*144,140,*143,14,316,11,MOHD Hafifi Bin Mansor,176,12,*182,*181,69,XXXI OLYMPIC GAMES
08.2016,W,TUR,110,26.06.1996,68.83,114,90,90,85,88,14,200,12,AYNACI Duygu,105,12,110,*110,69,XXXI OLYMPIC GAMES
08.2016,W,TKM,105,14.06.1994,68.73,115,90,* 94,85,90,13,195,14,KADYROVA Gulnabat,*100,13,105,*105,69,XXXI OLYMPIC GAMES
08.2016,M,PRK,176,14.01.1996,68.36,116,137,*142,137,*142,15,313,10,KWON Yong Gwang,168,13,176,172,69,XXXI OLYMPIC GAMES
08.2016,W,CMR,105,26.08.1987,68.08,117,82,* 86,77,82,16,187,13,FOUODJI SONKBOU Arcangeline,100,14,*110,105,69,XXXI OLYMPIC GAMES
08.2016,M,UZB,176,05.04.1995,68.95,118,137,*140,133,137,17,313,12,YOKUBOV Doston,172,14,*181,176,69,XXXI OLYMPIC GAMES
08.2016,M,COL,170,26.07.1985,68.69,119,140,*144,140,*144,12,310,15,MOSQUERA ROA Edwin Orlando,165,15,*175,170,69,XXXI OLYMPIC GAMES
08.2016,M,KSA,162,01.05.1994,68.96,120,135,*137,128,135,19,297,16,AL DUHAYLIB Mohsen Hussain A,162,16,*171,*171,69,XXXI OLYMPIC GAMES
08.2016,M,TPE,160,07.08.1988,68.79,121,136,136,130,*136,18,296,17,PAN Chien-Hung,*160,17,160,*160,69,XXXI OLYMPIC GAMES
08.2016,M,TUN,---,13.11.1994,68.87,122,147,*150,147,*150,5,0,---,BEN HNIA Karem,*177,---,*177,*177,69,XXXI OLYMPIC GAMES
08.2016,W,BLR,---,08.12.1995,67.23,123,---,*103,*103,*103,---,0,---,MIKHALENKA Anastasiya,---,---,---,---,69,XXXI OLYMPIC GAMES
08.2016,W,ROU,---,07.03.1997,67.52,124,100,100,*100,*100,11,0,---,HULPAN Florina-Sorina,---,---,---,---,69,XXXI OLYMPIC GAMES
08.2016,W,POL,---,01.09.1992,68.32,125,101,*103,98,101,9,0,---,PIECHOWIAK Patrycja,---,---,---,---,69,XXXI OLYMPIC GAMES
08.2016,M,INA,---,06.09.1989,68.75,126,---,*145,*145,*145,---,0,---,ARIANA I Ketut,---,---,---,---,69,XXXI OLYMPIC GAMES
08.2016,M,PRK,---,03.12.1990,68.87,127,157,*161,*157,157,3,0,---,KIM Myong Hyok,*188,---,*196,*188,69,XXXI OLYMPIC GAMES
08.2016,M,KGZ,---,08.09.1993,68.68,128,---,*155,146,151,DSQ,0,DSQ,ARTYKOV Izzat,181,DSQ,*196,188,69,XXXI OLYMPIC GAMES
08.2016,W,PRK,153,05.02.1993,74.47,129,121,121,117,*121,1,274,1,RIM Jong Sim,145,1,*162,153,75,XXXI OLYMPIC GAMES
08.2016,W,BLR,142,26.08.1995,74.63,130,116,116,107,112,3,258,2,NAUMAVA Darya,136,2,142,139,75,XXXI OLYMPIC GAMES
08.2016,W,ESP,141,10.02.1985,74.00,131,116,116,112,*116,2,257,3,VALENTIN PEREZ Lidia,135,3,141,138,75,XXXI OLYMPIC GAMES
08.2016,W,COL,136,06.07.1982,74.28,132,111,111,106,109,5,247,4,VALOYES CUESTA Ubaldina,131,4,*138,136,75,XXXI OLYMPIC GAMES
08.2016,W,UKR,133,14.05.1996,74.89,133,114,*116,111,114,4,247,8,DEKHA Iryna,133,5,*141,*138,75,XXXI OLYMPIC GAMES
08.2016,W,USA,135,11.12.1993,74.65,134,107,107,*103,103,6,242,6,ARTHUR Jenny Lyvette,130,6,*141,135,75,XXXI OLYMPIC GAMES
08.2016,W,CHI,135,17.03.1992,74.66,135,107,107,*107,*107,7,242,7,VALDES PARIS Maria Fernanda,135,7,*142,*142,75,XXXI OLYMPIC GAMES
08.2016,W,FRA,135,20.04.1988,73.61,136,102,*107,102,*107,8,237,5,NAYO KETCHANKE Gaelle Verlaine,132,8,*140,135,75,XXXI OLYMPIC GAMES
08.2016,W,MEX,126,01.08.1991,74.59,137,98,*101,* 98,98,10,224,10,GARZA GARZA Alejandra,*125,9,126,125,75,XXXI OLYMPIC GAMES
08.2016,W,ARM,126,29.06.1998,72.52,138,97,*100,92,97,11,223,9,POGHOSYAN Sona,115,10,126,122,75,XXXI OLYMPIC GAMES
08.2016,W,SAM,118,24.01.1992,74.56,139,100,*102,97,100,9,218,11,OPELOGE Mary,115,11,118,117,75,XXXI OLYMPIC GAMES
08.2016,W,MDA,116,17.10.1989,73.72,140,97,*100,93,97,12,213,12,PRISCEPA Natalia,110,12,*123,116,75,XXXI OLYMPIC GAMES
08.2016,W,TUR,103,05.12.1993,69.77,141,83,* 85,80,83,13,186,13,IPEK Assiya,95,13,103,100,75,XXXI OLYMPIC GAMES
08.2016,W,MAR,97,22.04.1992,73.68,142,75,* 80,70,75,14,172,14,OUASS Samira,90,14,97,* 96,75,XXXI OLYMPIC GAMES
08.2016,W,BRA,---,05.03.1987,74.89,143,---,*103,*103,*103,---,0,---,ANTONIA FERREIRA Jaqueline,---,---,---,---,75,XXXI OLYMPIC GAMES
08.2016,M,KAZ,214,13.08.1993,76.19,144,165,*168,160,165,3,379,1,RAHIMOV Nijat,202,1,---,214,77,XXXI OLYMPIC GAMES
08.2016,M,CHN,202,27.07.1984,76.83,145,177,177,170,175,1,379,2,LYU Xiaojun,*197,2,202,197,77,XXXI OLYMPIC GAMES
08.2016,M,EGY,196,21.11.1989,76.69,146,165,*168,160,165,5,361,3,MAHMOUD Mohamed Ihab Youssef Ahmed,*196,3,*203,196,77,XXXI OLYMPIC GAMES
08.2016,M,THA,191,19.07.1993,76.52,147,165,165,160,*165,4,356,6,CHINNAWONG Chatuphum,*191,4,191,*191,77,XXXI OLYMPIC GAMES
08.2016,M,MDA,192,21.11.1989,76.52,148,155,*158,150,155,7,347,4,SPAC Alexandr,185,5,192,190,77,XXXI OLYMPIC GAMES
08.2016,M,COL,191,15.08.1997,76.26,149,155,155,*150,150,6,346,5,CAICEDO PIEDRAHITA Andres Mauricio,191,6,*197,*197,77,XXXI OLYMPIC GAMES
08.2016,M,ESP,190,11.11.1992,76.32,150,153,153,145,150,8,343,7,MATA PEREZ Andres Eduardo,185,7,190,*190,77,XXXI OLYMPIC GAMES
08.2016,M,PRK,190,29.06.1993,76.54,151,153,*158,153,*157,9,343,8,CHOE Jon Wi,184,8,*194,190,77,XXXI OLYMPIC GAMES
08.2016,M,EGY,186,06.02.1988,76.90,152,152,152,147,*152,10,338,9,ABDELBAKI Ibrahim Ramadan Ibrahim,*186,9,*192,186,77,XXXI OLYMPIC GAMES
08.2016,M,GER,181,02.11.1993,76.70,153,151,151,145,149,11,332,10,MULLER Nico,177,10,*185,181,77,XXXI OLYMPIC GAMES
08.2016,M,IND,181,23.06.1992,76.96,154,148,*153,143,148,12,329,11,SIVALINGAM Sathish Kumar,176,11,*186,181,77,XXXI OLYMPIC GAMES
08.2016,M,INA,177,26.07.1989,69.38,155,146,*149,140,146,13,323,12,DENI,172,12,*181,177,77,XXXI OLYMPIC GAMES
08.2016,M,ROU,---,12.07.1989,76.68,156,145,*150,145,*150,14,0,---,CAPTARI Dumitru,---,---,---,---,77,XXXI OLYMPIC GAMES
08.2016,M,ARM,---,15.12.1995,76.75,157,174,*176,170,174,2,0,---,KARAPETYAN Andranik,*195,---,---,*195,77,XXXI OLYMPIC GAMES
08.2016,M,IRI,217,23.07.1991,84.26,158,179,*182,174,179,1,396,1,ROSTAMI Kianoush,*215,1,217,215,85,XXXI OLYMPIC GAMES
08.2016,M,CHN,217,08.04.1994,84.85,159,178,178,*173,*178,2,395,2,TIAN Tao,*210,2,217,*210,85,XXXI OLYMPIC GAMES
08.2016,M,KAZ,215,28.10.1993,84.95,160,175,175,170,*175,4,390,3,ULANOV Denis,*215,3,215,*215,85,XXXI OLYMPIC GAMES
08.2016,M,UKR,210,07.01.1994,84.73,161,175,175,170,173,3,385,4,PIELIESHENKO Oleksandr,*210,4,*212,210,85,XXXI OLYMPIC GAMES
08.2016,M,BLR,207,27.02.1993,84.24,162,170,*173,165,170,5,377,5,ASAYONAK Petr,201,5,*215,207,85,XXXI OLYMPIC GAMES
08.2016,M,BLR,195,16.07.1993,84.47,163,170,*173,166,170,6,365,9,KHADASEVICH Pavel,195,6,*201,*201,85,XXXI OLYMPIC GAMES
08.2016,M,QAT,203,04.06.1998,84.79,164,158,158,151,155,10,361,6,ELBAKH Fares Ibrahim E. H.,197,7,*208,203,85,XXXI OLYMPIC GAMES
08.2016,M,FRA,192,21.05.1987,84.63,165,165,165,*160,160,7,357,10,BARDIS Giovanni Battista,185,8,192,*190,85,XXXI OLYMPIC GAMES
08.2016,M,FRA,195,24.08.1984,84.43,166,155,*160,155,*160,11,350,8,HENNEQUIN Benjamin Didier,195,9,*202,*202,85,XXXI OLYMPIC GAMES
08.2016,M,CUB,200,25.04.1986,84.49,167,150,150,*150,*150,14,350,7,HERNANDEZ PAUMIER Yoelmis,200,10,*205,*205,85,XXXI OLYMPIC GAMES
08.2016,M,GRE,190,12.02.1991,84.58,168,160,160,151,156,8,350,12,IAKOVIDIS Theodoros,186,11,*197,190,85,XXXI OLYMPIC GAMES
08.2016,M,CAN,190,12.12.1992,85.00,169,155,155,150,*155,12,345,13,PLAMONDON Pascal,*185,12,190,185,85,XXXI OLYMPIC GAMES
08.2016,M,KOR,190,19.08.1993,84.44,170,150,*157,150,*157,13,340,11,YU Dongju,190,13,*195,*195,85,XXXI OLYMPIC GAMES
08.2016,M,CRO,186,21.03.1987,84.58,171,150,150,140,145,15,336,14,MUSIC Amar,*180,14,186,180,85,XXXI OLYMPIC GAMES
08.2016,M,NZL,181,30.04.1983,84.13,172,149,149,145,*149,16,330,15,PATTERSON Richard John Edward,181,15,*187,*186,85,XXXI OLYMPIC GAMES
08.2016,M,VIE,180,30.03.1990,84.27,173,145,145,135,140,17,325,16,HOANG Tan Tai,172,16,*185,180,85,XXXI OLYMPIC GAMES
08.2016,M,BRA,180,22.11.1983,84.69,174,145,*150,140,145,18,325,17,ROSA DA SILVA Wellison,180,17,*190,*190,85,XXXI OLYMPIC GAMES
08.2016,M,FIN,175,10.10.1992,84.79,175,145,*148,140,145,19,320,18,TOKOLA Milko Olavi,170,18,175,*175,85,XXXI OLYMPIC GAMES
08.2016,M,MAR,165,14.09.1995,80.57,176,120,*130,120,*127,21,285,19,EL AABIDI Khalid,153,19,165,160,85,XXXI OLYMPIC GAMES
08.2016,M,GHA,153,25.07.1999,83.52,177,130,130,121,125,20,283,20,AMOAH Christian,*153,20,*157,153,85,XXXI OLYMPIC GAMES
08.2016,M,MLT,---,08.01.1987,84.87,178,---,*118,*118,*118,---,0,---,MICALLEF Kyle Sean,---,---,---,---,85,XXXI OLYMPIC GAMES
08.2016,M,ARM,---,21.10.1989,83.67,179,158,---,*158,158,9,0,---,MIRZOYAN Arakel,---,---,---,---,85,XXXI OLYMPIC GAMES
08.2016,M,ROU,---,21.12.1988,84.33,180,---,173,167,171,DSQ,0,DSQ,SINCRAIAN Gabriel,204,DSQ,217,212,85,XXXI OLYMPIC GAMES
08.2016,M,IRI,221,22.09.1988,93.64,181,182,182,*178,178,1,403,1,MORADI Sohrab,221,1,*234,*234,94,XXXI OLYMPIC GAMES
08.2016,M,BLR,220,30.04.1986,93.70,182,175,*180,175,*179,4,395,2,STRALTSOU Vadzim,220,2,*230,*230,94,XXXI OLYMPIC GAMES
08.2016,M,LTU,215,13.06.1991,92.42,183,177,177,*177,*177,2,392,3,DIDZBALIS Aurimas,210,3,*223,215,94,XXXI OLYMPIC GAMES
08.2016,M,THA,213,17.04.1994,93.05,184,177,177,170,175,3,390,4,SUMPRADIT Sarat,205,4,213,210,94,XXXI OLYMPIC GAMES
08.2016,M,EGY,213,04.03.1991,93.45,185,174,174,165,170,5,387,5,ABDALLA Ragab Abdelhay Saad A.,205,5,213,*211,94,XXXI OLYMPIC GAMES
08.2016,M,UKR,213,11.07.1990,93.66,186,174,*177,*174,174,6,387,6,CHUMAK Dmytro,*213,6,*220,213,94,XXXI OLYMPIC GAMES
08.2016,M,IRI,210,01.11.1991,93.10,187,173,173,*172,*173,7,383,7,HASHEMI Ali,210,7,*220,*220,94,XXXI OLYMPIC GAMES
08.2016,M,BLR,208,01.09.1992,93.57,188,173,*177,167,173,8,381,8,BERSANAU Aliaksandr,208,8,*215,*214,94,XXXI OLYMPIC GAMES
08.2016,M,UKR,205,15.04.1996,93.66,189,170,*174,165,170,9,375,9,HOZA Volodymyr,195,9,205,200,94,XXXI OLYMPIC GAMES
08.2016,M,KOR,202,15.01.1995,92.39,190,165,165,160,*165,10,367,10,PARK Hanwoong,202,10,*210,*210,94,XXXI OLYMPIC GAMES
08.2016,M,USA,197,02.07.1986,93.24,191,160,*165,160,*165,11,357,11,FARRIS Kendrick James,197,11,*205,*201,94,XXXI OLYMPIC GAMES
08.2016,M,FRA,190,26.04.1981,93.76,192,155,155,145,150,13,345,12,BOULY Kevin,180,12,190,185,94,XXXI OLYMPIC GAMES
08.2016,M,AUS,185,05.12.1982,93.25,193,155,155,145,150,12,340,13,RIBOUEM Simplice,185,13,*191,*191,94,XXXI OLYMPIC GAMES
08.2016,M,GBR,185,10.03.1994,93.58,194,148,*151,*148,148,14,333,14,WEBSTER Sonny Curtis,185,14,*190,*190,94,XXXI OLYMPIC GAMES
08.2016,M,HON,180,18.04.1993,93.26,195,145,145,*140,140,15,325,15,PAVON FUNES Cristopher Joel,180,15,*185,*185,94,XXXI OLYMPIC GAMES
08.2016,M,CMR,165,27.02.1989,91.61,196,140,*145,140,*145,16,305,16,MINKOUMBA Petit David,165,16,*170,*170,94,XXXI OLYMPIC GAMES
08.2016,M,KEN,140,31.10.1986,92.89,197,116,*123,112,116,17,256,17,ADEDE James Omondi,140,17,*146,*146,94,XXXI OLYMPIC GAMES
08.2016,M,ASA,---,10.06.1990,92.91,198,---,*141,*141,*141,---,0,---,JUNGBLUT Tanumafili Malietoa,---,---,---,---,94,XXXI OLYMPIC GAMES
08.2016,M,UZB,237,24.11.1991,104.96,199,194,*197,190,194,2,431,1,NURUDINOV Ruslan,225,1,237,230,105,XXXI OLYMPIC GAMES
08.2016,M,ARM,227,17.02.1997,104.63,200,190,*195,185,190,5,417,2,MARTIROSYAN Simon,220,2,*234,227,105,XXXI OLYMPIC GAMES
08.2016,M,KAZ,223,17.08.1992,104.51,201,193,193,185,190,3,416,4,ZAICHIKOV Alexandr,223,3,*227,*227,105,XXXI OLYMPIC GAMES
08.2016,M,CHN,225,14.07.1991,104.59,202,190,*197,190,*195,4,415,3,YANG Zhe,220,4,*227,225,105,XXXI OLYMPIC GAMES
08.2016,M,UZB,220,09.03.1986,104.90,203,194,194,185,189,1,414,8,EFREMOV Ivan,210,5,220,*218,105,XXXI OLYMPIC GAMES
08.2016,M,IRI,220,31.03.1988,104.65,204,186,186,180,*185,6,406,7,BARARI Mohammadreza,220,6,*231,*230,105,XXXI OLYMPIC GAMES
08.2016,M,POL,221,07.01.1990,104.77,205,179,179,175,*179,11,400,5,MICHALSKI Arkadiusz,221,7,*228,*228,105,XXXI OLYMPIC GAMES
08.2016,M,LAT,218,21.01.1992,103.99,206,181,181,176,*180,8,399,9,PLESNIEKS Arturs,218,8,*225,*223,105,XXXI OLYMPIC GAMES
08.2016,M,IRQ,214,26.09.1991,103.80,207,180,*182,175,180,9,394,10,ABBOOD Salwan Jasim Abbood,214,9,*219,*219,105,XXXI OLYMPIC GAMES
08.2016,M,GER,220,26.03.1984,104.51,208,170,*175,170,*174,14,390,6,SPIESS Jurgen Christian,210,10,220,*220,105,XXXI OLYMPIC GAMES
08.2016,M,AUT,210,14.09.1986,104.19,209,179,*184,179,*184,10,389,11,MARTIROSJAN Sargis,201,11,210,208,105,XXXI OLYMPIC GAMES
08.2016,M,EGY,204,01.09.1985,104.98,210,173,173,166,171,12,377,13,MOHAMED Gaber Ahmed Farhan,204,12,---,*208,105,XXXI OLYMPIC GAMES
08.2016,M,PER,200,16.01.1993,103.85,211,151,151,142,147,16,351,14,VIERA ESPINOZA Hernan Moises,193,13,200,197,105,XXXI OLYMPIC GAMES
08.2016,M,KIR,204,17.07.1984,104.58,212,145,145,135,140,17,349,12,KATOATAU David,195,14,*208,204,105,XXXI OLYMPIC GAMES
08.2016,M,BRA,---,05.07.1993,104.47,213,170,*175,165,170,13,0,---,GREGORIO MACHADO Mateus Filipe,*200,---,*200,*200,105,XXXI OLYMPIC GAMES
08.2016,M,GEO,---,30.10.1997,104.74,214,170,*173,165,170,15,0,---,CHKHEIDZE Giorgi,*205,---,*208,*205,105,XXXI OLYMPIC GAMES
08.2016,M,POL,---,11.10.1984,104.07,215,185,185,*180,180,7,0,---,BONK Bartlomiej Wojciech,*215,---,*218,*216,105,XXXI OLYMPIC GAMES
08.2016,W,CHN,177,17.07.1989,120.27,216,130,130,*125,125,2,307,1,MENG Suping,*175,1,177,175,p75,XXXI OLYMPIC GAMES
08.2016,W,PRK,175,20.04.1993,100.34,217,131,131,123,127,1,306,2,KIM Kuk Hyang,162,2,175,170,p75,XXXI OLYMPIC GAMES
08.2016,W,USA,160,01.08.1988,143.30,218,126,126,118,122,3,286,4,ROBLES Sarah Elizabeth,151,3,160,155,p75,XXXI OLYMPIC GAMES
08.2016,W,EGY,161,01.01.1991,123.75,219,117,*121,117,*121,10,278,3,HARIDY Shaimaa Ahmed Khalaf,155,4,*169,161,p75,XXXI OLYMPIC GAMES
08.2016,W,KOR,153,27.08.1989,119.49,220,122,*126,119,122,4,275,6,LEE Huisol,153,5,*159,*159,p75,XXXI OLYMPIC GAMES
08.2016,W,KOR,155,24.04.1993,109.58,221,118,*121,115,118,7,273,5,SON Younghee,155,6,*166,*162,p75,XXXI OLYMPIC GAMES
08.2016,W,VEN,152,05.12.1986,114.08,222,121,121,115,119,5,273,7,ESPINOSA Yaniuska Isabel,145,7,152,149,p75,XXXI OLYMPIC GAMES
08.2016,W,ROU,145,18.11.1993,120.01,223,120,120,*119,*119,6,265,10,AANEI Andreea,145,8,*154,*154,p75,XXXI OLYMPIC GAMES
08.2016,W,NGR,150,09.11.1990,122.39,224,115,*120,115,*120,11,265,8,USMAN Maryam,145,9,*152,150,p75,XXXI OLYMPIC GAMES
08.2016,W,UKR,146,02.12.1995,100.97,225,117,117,*117,*117,9,263,9,LYSENKO Anastasiia,*146,10,*156,146,p75,XXXI OLYMPIC GAMES
08.2016,W,TUN,138,31.08.1995,120.06,226,111,111,*106,106,13,249,11,DHIEB Yosra,133,11,*141,138,p75,XXXI OLYMPIC GAMES
08.2016,W,GEO,135,25.04.1996,86.98,227,113,*115,110,113,12,248,12,HOTFRID Anastasiia,130,12,135,*135,p75,XXXI OLYMPIC GAMES
08.2016,W,NZL,133,27.08.1985,106.54,228,98,*101,* 98,98,15,231,13,LAMBRECHS Tracey,*133,13,*139,133,p75,XXXI OLYMPIC GAMES
08.2016,W,COK,124,27.06.1993,100.27,229,100,100,95,*100,14,224,14,PETERS Luisa Fatiaki Taitapu,119,14,*126,124,p75,XXXI OLYMPIC GAMES
08.2016,W,ALG,105,22.08.2000,80.35,230,87,* 90,83,87,16,192,15,HIRECH Bouchra Fatima Zohra,105,15,*108,*108,p75,XXXI OLYMPIC GAMES
08.2016,W,VEN,---,29.09.1992,99.91,231,117,117,110,115,8,0,---,PEREZ REVERON Naryury Alexandra,*145,---,*145,*145,p75,XXXI OLYMPIC GAMES
08.2016,M,GEO,258,02.10.1993,157.34,232,215,215,205,210,2,473,1,TALAKHADZE Lasha,242,1,258,247,p105,XXXI OLYMPIC GAMES
08.2016,M,ARM,241,25.10.1994,143.67,233,210,210,200,207,3,451,5,MINASYAN Gor,236,2,241,*241,p105,XXXI OLYMPIC GAMES
08.2016,M,GEO,241,13.12.1984,135.58,234,207,207,197,203,4,448,4,TURMANIDZE Irakli,228,3,241,235,p105,XXXI OLYMPIC GAMES
08.2016,M,ARM,245,14.03.1990,151.64,235,195,195,186,193,6,440,2,ALEKSANYAN Ruben,245,4,*254,*254,p105,XXXI OLYMPIC GAMES
08.2016,M,BRA,240,10.03.1990,154.58,236,195,195,190,*195,7,435,7,SARAIVA REIS Fernando,240,5,*247,*245,p105,XXXI OLYMPIC GAMES
08.2016,M,UZB,237,25.08.1993,145.88,237,195,195,185,190,5,432,8,DJANGABAEV Rustam,230,6,237,*237,p105,XXXI OLYMPIC GAMES
08.2016,M,EST,243,24.10.1990,149.10,238,187,*191,*187,187,13,430,3,SEIM Mart,243,7,*255,*250,p105,XXXI OLYMPIC GAMES
08.2016,M,CZE,240,05.01.1989,127.27,239,185,*191,185,*190,14,425,6,ORSAG Jiri,230,8,*243,240,p105,XXXI OLYMPIC GAMES
08.2016,M,GER,232,22.08.1981,149.17,240,188,*192,188,*192,11,420,10,VELAGIC Almir,232,9,*242,*240,p105,XXXI OLYMPIC GAMES
08.2016,M,HUN,227,16.01.1986,158.86,241,193,193,182,188,8,420,11,NAGY Peter,218,10,*234,227,p105,XXXI OLYMPIC GAMES
08.2016,M,UZB,232,13.03.1993,109.79,242,179,179,170,175,19,411,9,DUSMUROTOV Sardorbek,225,11,*240,232,p105,XXXI OLYMPIC GAMES
08.2016,M,BLR,224,30.06.1996,135.60,243,187,187,180,*187,12,411,12,MZHACHYK Aliaksei,215,12,224,220,p105,XXXI OLYMPIC GAMES
08.2016,M,ALG,220,11.06.1994,123.46,244,190,190,180,185,9,410,14,BIDANI Walid,*210,13,220,211,p105,XXXI OLYMPIC GAMES
08.2016,M,ECU,221,10.02.1988,162.50,245,184,184,171,181,16,405,13,SALAS MANGUIS Fernando Fabricio,211,14,---,221,p105,XXXI OLYMPIC GAMES
08.2016,M,SYR,220,20.11.1993,143.42,246,180,*187,180,*187,18,400,15,ASAAD Man,220,15,*233,*233,p105,XXXI OLYMPIC GAMES
08.2016,M,GER,215,30.03.1990,138.31,247,180,*185,180,*185,17,395,16,PROCHOROW Alexej Dmitrievic,207,16,*220,215,p105,XXXI OLYMPIC GAMES
08.2016,M,ISR,207,16.02.1986,129.54,248,165,*170,160,165,22,372,17,OLSHANETSKYI Igor,200,17,207,*206,p105,XXXI OLYMPIC GAMES
08.2016,M,SVK,206,23.08.1988,118.64,249,165,*170,160,165,21,371,18,KRUZEL Ondrej,*200,18,206,200,p105,XXXI OLYMPIC GAMES
08.2016,M,UKR,195,27.05.1986,129.75,250,170,*175,170,*175,20,365,19,SHYMECHKO Ihor,190,19,*200,195,p105,XXXI OLYMPIC GAMES
08.2016,M,TPE,---,27.11.1989,151.66,251,185,*193,185,*193,15,0,---,CHEN Shih-Chieh,*235,---,*235,*235,p105,XXXI OLYMPIC GAMES
08.2016,M,IRI,---,08.12.1989,169.79,252,216,216,206,211,1,0,---,SALIMIKORDASIABI Behdad,*245,---,*245,*245,p105,XXXI OLYMPIC GAMES
08.2016,M,EGY,---,27.04.1988,143.88,253,190,*192,185,190,10,0,---,MOHAMED Ahmed Mohamed Abdelaziz,---,---,---,---,p105,XXXI OLYMPIC GAMES
08.2016,M,TKM,---,16.01.1992,144.71,254,---,*193,*193,*193,---,0,---,TOYCHYYEV Hojamuhammet,---,---,---,---,p105,XXXI OLYMPIC GAMES
